Epoch	TrainAcc
1	0.45966
2	0.6138
3	0.68796
4	0.72794
5	0.76226
6	0.7873
7	0.8102
8	0.82454
9	0.84274
10	0.85858
11	0.87168
12	0.88118
13	0.8932
14	0.90122
15	0.90864
16	0.91676
17	0.9234
18	0.93068
19	0.93532
20	0.94042
21	0.9425
22	0.94882
23	0.94954
24	0.95468
25	0.95934
26	0.96036
27	0.96052
28	0.96568
29	0.96666
30	0.98816
31	0.99308
32	0.99464
33	0.9946
34	0.99524
35	0.9953
36	0.99514
37	0.99432
38	0.99492
39	0.99446
40	0.9939
41	0.9951
42	0.99392
43	0.9941
44	0.99292
45	0.9928
46	0.99474
47	0.99298
48	0.99298
49	0.9937
50	0.99498
51	0.99308
52	0.99366
53	0.9947
54	0.99502
55	0.99374
56	0.99514
57	0.99542
58	0.99568
59	0.99398
60	0.99808
61	0.9994
62	0.99982
63	0.99996
64	0.99998
65	1.0
66	0.99998
67	1.0
68	1.0
69	1.0
70	1.0
71	1.0
72	1.0
73	1.0
74	1.0
75	1.0
76	1.0
77	1.0
78	1.0
79	1.0
80	1.0
81	1.0
82	1.0
83	1.0
84	1.0
85	1.0
86	1.0
87	1.0
88	1.0
89	1.0
90	1.0
91	1.0
92	1.0
93	1.0
94	1.0
95	1.0
96	1.0
97	1.0
98	1.0
99	1.0
100	1.0
101	1.0
102	1.0
103	1.0
104	1.0
105	1.0
106	1.0
107	1.0
108	1.0
109	1.0
110	1.0
111	1.0
112	1.0
113	1.0
114	1.0
115	1.0
116	1.0
117	1.0
118	1.0
119	1.0
120	1.0
121	1.0
122	1.0
123	1.0
124	1.0
125	1.0
126	1.0
127	1.0
128	1.0
129	1.0
130	1.0
131	1.0
132	1.0
133	1.0
134	1.0
135	1.0
136	1.0
137	1.0
138	1.0
139	1.0
140	1.0
141	1.0
142	1.0
143	1.0
144	1.0
145	1.0
146	1.0
147	1.0
148	1.0
149	1.0
150	1.0
151	1.0
152	1.0
153	1.0
154	1.0
155	1.0
156	1.0
157	1.0
158	1.0
159	1.0
160	1.0
161	1.0
162	1.0
163	1.0
164	1.0
165	1.0
166	1.0
167	1.0
168	1.0
169	1.0
170	1.0
171	1.0
172	1.0
173	1.0
174	1.0
175	1.0
176	1.0
177	1.0
178	1.0
179	1.0
180	1.0
181	1.0
182	1.0
183	1.0
184	1.0
185	1.0
186	1.0
187	1.0
188	1.0
189	1.0
190	1.0
191	1.0
192	1.0
193	1.0
194	1.0
195	1.0
196	1.0
197	1.0
198	1.0
199	1.0
200	1.0
